Depart,Arrivee,Hdep,Harr,Prix
Paris,Lyon,08:30,14:30,50.00
Lyon,Paris,09:00,15:00,45.50
Bordeaux,Toulouse,11:00,14:00,35.25
Toulouse,Bordeaux,13:30,16:30,37.50
Paris,Bordeaux,08:00,14:00,55.00
Lyon,Toulouse,10:30,16:00,40.75
Bordeaux,Paris,09:00,15:00,53.20
Toulouse,Lyon,14:00,19:30,42.90
Paris,Toulouse,10:00,18:00,52.50
Lyon,Bordeaux,13:00,19:00,38.80
Toulouse,Paris,08:00,16:00,55.75
Bordeaux,Lyon,11:30,17:30,37.10
Paris,Lyon,13:00,19:00,49.60
Lyon,Paris,14:30,20:30,44.25
Bordeaux,Toulouse,16:30,19:30,39.90
Toulouse,Bordeaux,15:00,18:00,41.25
Paris,Bordeaux,12:00,18:00,51.80
Lyon,Toulouse,17:00,22:30,40.60
Bordeaux,Paris,15:00,21:00,54.00
Toulouse,Lyon,18:00,23:30,42.75
