Depart,Arrivee,Hdep,Harr,Prix
Paris,Lyon,08:00,11:00,75.50
Lyon,Paris,09:30,12:30,80.25
Bordeaux,Toulouse,11:00,13:00,45.75
Toulouse,Bordeaux,12:00,14:00,42.90
Paris,Bordeaux,07:30,09:30,65.60
Lyon,Toulouse,13:00,17:00,55.75
Bordeaux,Paris,09:00,11:00,70.20
Toulouse,Lyon,13:00,17:00,60.80
Paris,Toulouse,10:00,15:00,68.90
Lyon,Bordeaux,14:00,17:00,49.50
Toulouse,Paris,11:00,16:00,73.25
Bordeaux,Lyon,16:30,19:30,56.40
Paris,Lyon,11:30,14:30,55.90
Lyon,Paris,17:00,20:00,62.75
Bordeaux,Toulouse,13:30,15:30,48.20
Toulouse,Bordeaux,18:30,20:30,42.10
Paris,Bordeaux,12:30,14:30,63.70
Lyon,Toulouse,19:00,23:00,51.35
Bordeaux,Paris,14:00,16:00,68.10
Toulouse,Lyon,19:30,23:30,57.90
